{"cameraMode":{"drawMode":0,"name":"Shaded","section":"Shading Mode"},"sceneLighting":true,"audioPlay":false,"sceneViewState":{"m_AlwaysRefresh":false,"showFog":true,"showSkybox":true,"showFlares":true,"showImageEffects":true,"showParticleSystems":true,"showVisualEffectGraphs":true,"m_FxEnabled":true},"in2DMode":false,"pivot":{"x":-1.4870145320892335,"y":0.6816126704216003,"z":1.531774878501892},"rotation":{"x":-0.16730070114135743,"y":0.22755151987075807,"z":-0.03971925377845764,"w":-0.9584648609161377},"size":7.235003471374512,"orthographic":false}